id;nome;projeto;projeto_content_type;tabela_preco;tabela_preco_content_type;contrato;contrato_content_type;valor_total;dt_inicial_pagamento;dt_final_pagamento
1;International;../fake-data/blob/hipster.png;image/png;../fake-data/blob/hipster.png;image/png;../fake-data/blob/hipster.png;image/png;25204;2020-12-09;2020-12-08
2;Tools synergistic;../fake-data/blob/hipster.png;image/png;../fake-data/blob/hipster.png;image/png;../fake-data/blob/hipster.png;image/png;77132;2020-12-09;2020-12-09
3;New Hampshire non-volatile Orchestrator;../fake-data/blob/hipster.png;image/png;../fake-data/blob/hipster.png;image/png;../fake-data/blob/hipster.png;image/png;31356;2020-12-09;2020-12-09
4;moderator Practical;../fake-data/blob/hipster.png;image/png;../fake-data/blob/hipster.png;image/png;../fake-data/blob/hipster.png;image/png;60197;2020-12-09;2020-12-09
5;Peso Uruguayo Uruguay Peso en Unidades Indexadas;../fake-data/blob/hipster.png;image/png;../fake-data/blob/hipster.png;image/png;../fake-data/blob/hipster.png;image/png;5325;2020-12-09;2020-12-09
6;port bypassing;../fake-data/blob/hipster.png;image/png;../fake-data/blob/hipster.png;image/png;../fake-data/blob/hipster.png;image/png;25662;2020-12-09;2020-12-09
7;Buckinghamshire circuit;../fake-data/blob/hipster.png;image/png;../fake-data/blob/hipster.png;image/png;../fake-data/blob/hipster.png;image/png;64017;2020-12-09;2020-12-09
8;Saint Martin Realigned;../fake-data/blob/hipster.png;image/png;../fake-data/blob/hipster.png;image/png;../fake-data/blob/hipster.png;image/png;24034;2020-12-09;2020-12-09
9;Hat;../fake-data/blob/hipster.png;image/png;../fake-data/blob/hipster.png;image/png;../fake-data/blob/hipster.png;image/png;51678;2020-12-09;2020-12-09
10;ivory;../fake-data/blob/hipster.png;image/png;../fake-data/blob/hipster.png;image/png;../fake-data/blob/hipster.png;image/png;87470;2020-12-09;2020-12-09
